blue_gold,blue_dragons,blue_towers_destroyed,blue_kills,blue_total_level,red_gold,red_dragons,red_towers_destroyed,red_kills,red_total_level,game_duration,win
30012,0,1,12,49,33349,2,2,14,51,1008,0
22617,0,0,4,43,35890,0,6,24,49,911,0
39688,1,5,19,56,33271,2,1,9,55,1187,1
24137,0,0,5,44,33559,1,4,15,50,958,0
59750,1,4,34,72,59744,3,7,31,72,1751,0
33529,1,2,19,49,24557,0,0,7,44,932,1
70995,2,9,33,79,62390,2,3,28,76,1941,1
48662,1,3,17,66,55588,3,7,31,69,1710,0
59107,1,11,27,72,44729,2,2,13,64,1538,1
48373,0,2,18,67,61363,3,8,29,74,1587,0
2505,0,0,0,5,2500,0,0,0,5,105,1
25847,0,1,7,44,33233,1,3,22,48,918,0
48190,0,6,19,67,40474,1,4,10,59,1362,1
47894,1,4,24,66,41388,2,2,15,64,1364,1
48547,0,1,26,65,60358,3,8,39,73,1591,0
37536,1,3,29,53,28269,0,0,13,46,943,1
37068,1,2,14,56,42250,2,4,21,59,1248,0
57152,1,2,10,75,73109,4,11,27,83,1959,0
42958,1,3,12,60,53114,1,9,34,69,1470,0
68977,2,7,26,81,72320,3,9,40,84,2116,0
36531,1,3,23,52,27195,0,0,12,45,972,1
29484,1,2,12,49,25477,1,0,6,47,919,1
41151,0,0,18,64,55344,3,10,30,72,1448,0
33109,1,4,17,50,21865,0,1,4,42,914,1
23369,0,0,3,45,33731,1,5,17,51,923,0
67864,2,7,42,80,62538,2,5,27,76,1950,1
65413,3,9,38,79,58593,1,1,26,75,1839,1
66078,1,1,29,84,79839,4,11,47,87,2140,0
14591,0,0,7,31,10089,0,0,1,26,481,1
42025,1,8,21,57,33732,0,1,12,50,1141,1
38997,0,1,12,57,48055,2,4,27,64,1395,0
32850,1,3,15,52,27047,0,0,9,48,970,1
45692,1,4,19,62,56942,2,10,34,73,1493,0
45684,0,6,19,61,33322,2,0,7,56,1266,1
66778,3,8,38,81,61425,1,6,23,73,1903,1
30698,1,2,14,49,23963,0,0,5,47,954,1
37397,0,6,26,50,22201,0,0,4,44,922,1
56526,2,11,30,74,43571,1,0,14,66,1525,1
66478,1,7,23,83,62502,3,4,15,79,2087,1
42311,2,1,10,66,56324,2,11,26,74,1558,0
35068,0,4,17,50,27604,1,0,12,45,956,1
51293,0,4,29,64,54810,3,8,24,69,1625,0
64073,2,7,37,76,51510,2,3,27,69,1743,1
55185,1,8,30,69,45941,2,3,18,63,1593,1
48256,0,2,47,69,42098,0,1,29,64,736,1
41583,0,0,30,61,49627,0,4,39,66,718,0
34243,2,4,15,51,26905,0,0,9,47,951,1
42392,1,4,30,55,32078,0,0,13,49,1138,1
42021,1,4,26,60,37937,1,2,23,53,1225,1
33737,0,1,14,50,40280,2,5,21,55,1100,0
46841,2,3,21,64,55511,1,8,22,71,1606,0
78785,3,11,41,86,72509,1,3,36,83,2123,1
49165,2,3,28,63,60131,1,8,35,73,1630,0
61166,0,2,22,78,74544,4,11,43,86,2033,0
62589,2,5,23,76,66251,2,7,38,82,1860,0
60425,0,4,21,75,67968,4,9,31,82,2008,0
49894,1,4,26,69,38586,1,1,9,60,1409,1
70921,2,9,38,82,59668,2,3,29,74,1945,1
57588,3,5,32,76,59872,1,7,23,76,1880,1
70800,0,4,62,90,62114,0,1,39,87,1177,1
61069,2,9,34,74,50196,2,2,21,67,1646,1
34191,0,4,18,47,22109,0,0,5,40,912,1
32251,0,1,10,51,39586,2,5,19,58,1102,0
52996,1,7,19,71,43194,2,2,11,63,1508,1
61231,2,5,27,73,64700,2,9,31,76,1821,0
38053,1,3,20,55,31508,1,0,10,52,1101,1
41247,1,5,25,56,31382,0,1,11,52,1115,1
50782,2,4,26,65,58137,2,9,31,70,1647,0
31808,0,0,9,52,39499,2,4,17,56,1128,0
32781,1,0,13,53,41973,1,5,20,56,1218,0
53624,2,10,27,70,41441,0,3,8,61,1397,1
9877,0,0,5,20,7357,0,0,2,17,297,1
43652,0,5,36,58,32833,1,2,14,51,1124,1
54703,0,3,30,70,62052,3,11,43,73,1704,0
37616,0,3,15,57,39576,2,4,21,58,1196,0
35284,1,5,20,52,23408,1,0,5,43,949,1
57101,3,5,31,74,50346,1,1,18,67,1671,1
59849,1,9,44,73,53495,2,2,30,69,1619,1
52563,1,4,22,70,60279,3,11,22,75,1648,0
42899,0,3,11,64,55214,4,7,30,72,1519,0
59854,0,5,34,74,52641,3,4,35,66,1659,1
67752,1,4,26,81,73823,4,10,36,87,2120,0
42451,2,6,24,58,30327,0,0,12,51,1092,1
37004,0,0,17,54,44720,3,5,24,57,1291,0
31833,2,4,12,49,24349,0,0,6,45,928,1
53060,2,9,30,69,41283,0,2,18,61,1386,1
43910,0,3,23,59,50807,2,7,33,63,1396,0
35943,0,1,7,57,51121,3,8,22,70,1437,0
56675,3,8,35,72,48062,0,3,23,62,1525,1
22415,0,0,5,43,35616,0,5,23,49,911,0
44069,0,5,15,63,34758,2,0,14,56,1242,1
48609,0,4,14,68,56552,3,6,26,76,1640,0
28791,0,0,8,49,42067,3,5,26,58,1132,0
46875,1,9,26,62,33015,2,0,9,55,1239,1
68772,1,9,37,82,67513,2,5,35,79,2042,1
40063,0,1,13,60,52095,3,5,38,71,1452,0
40838,2,1,14,60,52733,2,9,23,67,1512,0
43375,1,2,17,62,49060,3,7,23,65,1514,0
58440,1,3,31,75,65749,3,9,38,76,1780,0
44394,1,4,15,63,51498,2,8,21,69,1530,0
55400,0,5,16,71,65264,4,9,33,81,1833,0
34191,0,4,18,47,22109,0,0,5,40,912,1
52604,3,11,32,62,39987,0,1,22,60,1305,1
34680,1,3,28,50,25112,0,0,8,44,913,1
62457,1,9,33,76,52419,3,5,19,69,1675,1
57667,2,7,34,73,53377,1,4,25,68,1594,1
43685,0,4,16,62,53102,2,8,28,70,1405,0
31684,2,2,17,50,26131,0,0,8,47,915,1
68632,1,8,34,80,67967,3,5,29,80,1978,1
40347,2,4,19,57,32460,0,1,9,52,1135,1
69484,4,11,51,80,53086,0,1,25,71,1797,1
24544,0,0,4,45,29180,2,0,13,51,923,0
64911,1,4,18,81,72057,3,11,29,84,2212,0
38667,1,2,9,58,45375,2,4,22,65,1336,0
65485,2,3,26,80,73130,3,7,45,85,2037,0
61046,4,11,31,72,47542,0,2,17,66,1636,1
58492,2,9,32,75,53358,2,5,19,70,1673,1
65175,4,9,40,75,52619,0,3,27,68,1713,1
66527,5,10,33,78,55540,0,3,14,71,1907,1
40821,2,5,17,59,32209,1,0,9,54,1163,1
54622,1,6,30,71,43626,2,2,16,63,1498,1
68225,2,7,31,78,77378,3,9,38,86,2187,0
61744,0,3,25,76,71264,4,8,28,81,2011,0
29412,1,1,15,47,27914,0,1,9,48,949,1
57838,1,8,20,73,53039,2,4,18,70,1722,1
12078,0,0,6,25,10508,0,0,4,23,387,1
46719,3,8,20,63,37801,0,3,6,57,1354,1
40740,0,3,11,59,53072,2,8,36,69,1311,0
38226,0,1,11,59,51913,2,9,25,67,1390,0
3291,0,0,0,8,4078,0,0,1,9,150,0
34487,2,1,16,54,26843,0,0,5,48,1024,1
85575,0,1,76,90,92344,0,4,104,90,1555,0
53538,2,7,35,68,42750,1,1,19,62,1428,1
27216,1,0,10,49,23511,0,0,2,45,911,1
56257,1,7,33,72,46328,2,1,17,66,1640,1
48465,1,4,31,68,41679,2,5,13,58,1407,1
40912,0,1,14,62,54757,4,11,22,69,1416,0
30710,0,0,20,49,35365,0,1,39,54,502,0
53206,2,2,20,71,66520,2,11,29,82,1829,0
60639,2,10,35,74,48901,2,2,19,69,1607,1
54555,3,7,33,69,39807,1,1,17,61,1409,1
44973,0,2,25,60,55197,4,9,34,67,1449,0
24653,0,1,8,42,33893,1,1,26,49,912,0
35000,0,3,13,54,32206,2,1,11,53,1113,1
58491,3,4,20,73,64545,2,8,30,80,1909,0
71704,2,7,45,84,65207,2,5,34,79,2131,1
55848,2,9,30,71,43430,1,2,14,64,1457,1
52989,2,4,16,70,67771,2,9,39,82,1860,0
44457,2,5,19,62,38285,1,2,10,57,1267,1
22593,1,0,12,42,17471,0,0,3,36,714,1
44335,2,5,29,60,33216,0,1,8,53,1217,1
50588,0,7,37,67,42868,3,2,28,60,1269,1
32974,1,4,13,53,29708,1,2,6,50,971,1
61376,0,4,57,82,53566,0,1,43,78,960,1
35528,1,3,23,48,25030,1,0,9,42,911,1
38818,2,3,32,53,33668,0,2,17,46,1087,1
28919,1,3,7,50,21523,0,0,3,45,914,1
44510,1,1,20,62,58401,2,10,41,72,1540,0
55658,3,8,37,71,44087,0,2,22,63,1516,1
51849,2,8,32,68,44557,1,3,17,61,1462,1
64340,4,4,36,77,69470,0,10,31,78,2032,0
48247,2,5,28,64,40941,0,2,23,55,1269,1
68274,2,10,35,80,52993,2,2,17,74,1845,1
72120,2,7,31,83,73151,4,7,39,85,2274,0
38376,1,3,18,55,32646,1,0,10,53,1205,1
60581,1,9,35,74,50920,2,4,25,67,1678,1
43205,0,1,22,59,52824,3,9,32,67,1427,0
66629,2,10,44,79,55500,2,3,26,72,1764,1
55761,1,10,25,72,41763,3,2,13,62,1472,1
63319,3,9,39,77,52473,1,4,22,67,1706,1
35528,1,4,21,48,25525,0,0,12,42,912,1
57385,1,8,32,74,49006,2,3,26,65,1582,1
40554,2,2,14,59,53883,2,9,34,67,1387,0
41048,0,1,14,62,46330,3,4,27,63,1370,0
23654,0,0,6,43,35810,1,5,21,51,915,0
34472,2,4,18,50,25220,0,0,6,46,918,1
56906,3,6,38,74,49689,1,3,22,65,1563,1
40640,2,3,17,63,37425,1,2,13,57,1233,1
24568,0,0,8,45,33012,2,2,21,49,913,0
57156,2,7,30,72,45390,1,2,16,64,1586,1
50395,0,5,12,69,62618,3,10,31,77,1774,0
59035,0,11,39,69,45613,2,0,20,65,1464,1
58491,3,4,20,73,64545,2,8,30,80,1909,0
52790,1,8,22,71,47255,3,3,21,64,1487,1
44912,1,3,19,60,56465,2,9,37,68,1484,0
38336,1,4,18,55,29799,2,0,10,51,1147,1
43141,0,3,16,62,50493,4,5,25,69,1408,0
56334,2,9,19,71,43385,2,1,10,63,1587,1
42025,1,8,21,57,33732,0,1,12,50,1141,1
70016,2,11,46,79,65350,2,2,36,78,1930,1
56694,1,2,27,74,67636,2,10,41,81,1781,0
52453,3,3,23,66,64281,1,11,39,77,1684,0
34454,2,3,28,49,25010,0,0,8,43,920,1
71630,1,8,49,81,58826,3,5,22,70,1860,1
38044,0,3,8,56,45640,2,4,19,67,1304,0
36212,2,5,25,49,23257,0,0,8,44,925,1
54496,3,11,23,71,42206,0,1,9,66,1503,1
69291,5,11,21,84,65360,0,6,27,79,1956,1
33518,1,3,17,52,26392,0,0,7,47,966,1
32214,1,3,17,50,25925,1,0,7,46,970,1
69561,1,10,29,80,65555,3,6,23,76,1954,1
83580,4,8,36,88,74183,2,4,27,84,2557,1
29492,1,0,10,52,31317,1,3,10,51,1007,0
59035,0,11,39,69,45613,2,0,20,65,1464,1
38053,1,3,20,55,31508,1,0,10,52,1101,1
34105,1,1,12,54,42239,2,7,23,57,1136,0
60502,3,10,25,74,46323,1,1,14,62,1690,1
50460,3,4,21,65,58289,0,10,31,72,1538,0
3070,0,0,1,5,2505,0,0,0,5,102,1
49895,0,3,19,68,58356,2,7,27,72,1617,0
55139,3,5,18,71,61947,1,6,30,75,1780,0
56098,1,3,27,69,66847,3,8,45,75,1754,0
64868,2,5,49,77,62398,3,3,36,73,1823,1
67765,1,11,28,78,61157,4,4,27,77,1962,1
52453,3,3,23,66,64281,1,11,39,77,1684,0
34454,2,3,28,49,25010,0,0,8,43,920,1
71630,1,8,49,81,58826,3,5,22,70,1860,1
54059,2,2,22,72,67923,2,7,41,79,1927,0
33352,1,4,14,48,23494,0,0,6,43,916,1
59547,2,10,39,72,46683,1,1,22,66,1513,1
61791,3,9,23,80,52692,2,3,10,72,1871,1
61292,1,7,39,74,49542,3,1,19,68,1731,1
65095,3,7,32,81,61438,1,6,18,75,1958,1
35414,2,4,18,53,27248,0,0,5,50,1021,1
45854,2,9,25,62,34874,0,1,9,56,1248,1
32238,2,2,19,52,26068,0,0,8,47,966,1
65377,2,9,28,80,56228,3,5,18,74,1903,1
42225,1,2,16,60,56441,2,10,32,69,1425,0
67280,4,9,53,75,56462,0,4,32,69,1665,1
48373,0,2,18,67,61363,3,8,29,74,1587,0
35672,0,4,22,50,21899,1,0,3,43,923,1
23267,0,1,5,43,34253,1,4,15,53,960,0
30484,0,2,12,50,36092,1,4,14,56,1035,0
58491,3,4,20,73,64545,2,8,30,80,1909,0
24855,0,0,5,45,32539,1,1,21,50,918,0
50090,2,6,20,68,45095,1,3,13,62,1539,1
74475,2,2,32,87,79083,4,11,44,86,2271,0
31833,2,4,12,49,24349,0,0,6,45,928,1
47995,0,3,17,63,47246,4,3,21,67,1641,0
45684,0,6,19,61,33322,2,0,7,56,1266,1
47805,2,5,26,65,43174,1,2,11,62,1524,1
64323,3,6,26,77,74061,2,7,44,82,2045,0
49037,0,2,22,66,59423,3,8,36,74,1571,0
61921,2,11,32,72,46075,1,1,18,63,1636,1
36959,0,4,22,53,28429,1,0,9,49,1041,1
76072,3,9,39,85,71334,3,4,34,85,2156,1
62295,2,8,32,75,54297,2,1,37,69,1736,1
47620,0,8,27,63,38664,2,2,17,57,1315,1
70872,4,7,28,81,76725,2,9,33,85,2264,0
65230,2,9,37,77,55902,2,3,25,71,1768,1
76072,3,9,39,85,71334,3,4,34,85,2156,1
62295,2,8,32,75,54297,2,1,37,69,1736,1
47620,0,8,27,63,38664,2,2,17,57,1315,1
70872,4,7,28,81,76725,2,9,33,85,2264,0
65230,2,9,37,77,55902,2,3,25,71,1768,1
32293,1,1,13,50,39526,1,3,24,57,1128,0
62089,4,7,32,76,51645,0,3,12,70,1774,1
69322,3,11,43,83,61302,1,5,34,78,1922,1
64241,3,9,44,76,54636,0,5,24,70,1745,1
61900,2,5,32,75,65824,2,6,48,79,1880,0
43520,1,1,18,59,55642,2,8,35,68,1380,0
46464,1,6,22,62,35611,2,0,14,55,1280,1
50644,1,6,19,67,56837,3,10,30,74,1639,0
68414,2,11,31,83,62717,3,8,23,79,1920,1
52383,0,3,23,71,61648,3,7,39,76,1709,0
42151,2,4,14,60,45763,0,4,17,65,1330,0
23112,1,0,5,45,35797,1,3,21,52,912,0
65204,3,8,29,80,69228,1,8,37,84,1973,0
69640,0,7,40,78,70184,4,7,38,81,2095,0
63501,0,5,29,74,68315,4,5,38,80,1865,0
57760,1,4,23,75,69993,4,8,43,84,1914,0
62447,2,8,35,76,55921,2,3,27,69,1718,1
66629,2,10,44,79,55500,2,3,26,72,1764,1
53415,2,9,36,68,38748,0,2,13,58,1355,1
37246,0,1,16,56,48616,2,8,28,62,1232,0
51780,2,5,22,69,61365,2,11,34,72,1623,0
31429,2,2,20,50,23634,0,0,6,45,913,1
73307,3,10,39,82,65324,2,2,34,81,1960,1
66802,1,3,28,80,80749,4,9,53,87,2131,0
31720,1,0,22,50,24603,0,0,4,45,937,1
48108,1,3,22,64,56469,2,7,31,70,1520,0
41942,2,3,18,61,39354,1,2,11,57,1345,1
66257,3,6,26,80,71716,2,9,31,83,2041,0
32611,2,2,21,50,22931,0,0,4,44,917,1
61274,3,9,33,77,53302,0,3,19,67,1686,1
70413,3,8,35,83,68246,2,3,32,80,2104,1
44257,3,5,29,62,34393,0,0,12,55,1217,1
48820,3,3,18,66,61304,1,9,37,76,1591,0
31986,1,1,21,50,27717,1,0,11,48,953,1
40740,0,3,11,59,53072,2,8,36,69,1311,0
33875,2,2,22,52,25725,0,0,6,46,948,1
73153,1,7,39,82,80701,4,7,50,84,2109,0
55820,1,10,38,65,44210,1,2,22,58,1383,1
46604,2,5,32,60,35075,0,1,14,54,1219,1
58436,1,11,38,74,43376,2,1,19,63,1516,1
38314,1,2,7,59,49210,2,6,25,64,1323,0
63952,3,10,36,77,60334,0,6,37,75,1748,1
32016,1,1,21,51,29517,0,1,13,48,971,1
45702,0,2,20,64,52031,3,7,23,66,1520,0
65413,3,9,38,79,58593,1,1,26,75,1839,1
46324,2,3,17,65,55590,2,9,28,71,1536,0
25237,0,0,8,43,36446,2,3,31,50,933,0
42224,1,6,27,57,32353,1,2,16,51,1099,1
69849,2,10,29,81,67507,2,3,26,82,2081,1
83993,5,11,36,90,76915,1,8,33,85,2506,1
61287,1,6,21,71,66524,3,9,30,79,1955,0
53645,1,9,31,69,42238,2,2,18,60,1403,1
22078,0,0,7,41,36023,1,3,29,50,914,0
87836,2,7,45,88,85381,4,11,38,89,2517,0
47508,0,3,14,65,63016,4,11,25,76,1712,0
45717,1,3,22,64,42463,1,4,16,56,1380,1
37545,0,0,11,61,50211,3,10,22,65,1381,0
86453,4,11,48,87,73061,1,4,35,83,2467,1
68956,2,6,30,81,77595,3,10,46,84,2126,0
52514,1,3,12,71,65097,3,8,28,78,1813,0
61965,3,8,37,76,53598,1,5,19,69,1683,1
55973,2,3,32,70,66439,2,8,39,76,1829,0
59370,2,10,39,72,47593,0,3,23,66,1498,1
38124,2,4,23,51,24780,0,0,10,44,936,1
31695,1,1,12,51,39752,1,4,21,56,1076,0
40109,1,2,22,57,44621,2,5,26,60,1265,0
62777,3,11,47,72,58867,1,3,36,73,1752,1
24047,1,0,4,47,30305,1,0,13,50,944,0
52482,2,3,18,70,62426,2,10,29,76,1700,0
31283,2,2,16,48,26191,0,0,9,46,916,1
35321,0,0,9,56,51143,4,8,36,66,1366,0
56446,1,7,38,67,44702,1,0,25,64,1495,1
42836,2,5,24,58,29517,1,1,7,52,1130,1
64410,4,11,28,79,53390,0,3,21,73,1771,1
70906,3,11,33,82,62411,1,3,24,80,1931,1
41969,1,10,19,56,27958,1,1,4,50,1073,1
61032,1,7,27,77,58396,2,7,25,74,1772,1
58492,2,9,32,75,53358,2,5,19,70,1673,1
65175,4,9,40,75,52619,0,3,27,68,1713,1
37997,2,0,10,60,47029,1,4,19,68,1366,0
56852,2,10,28,73,46379,1,1,12,66,1565,1
30259,0,0,10,51,36289,2,2,19,57,1083,0
55381,0,9,24,72,46267,3,3,12,66,1567,1
68471,2,5,27,81,77097,4,10,34,88,2217,0
65474,2,9,35,79,63891,2,5,29,74,1861,1
35292,1,2,15,54,43159,2,4,30,59,1185,0
30154,1,2,12,48,24777,0,0,6,49,932,1
36183,0,3,9,56,41063,3,4,23,60,1223,0
39987,1,6,14,53,29638,1,0,7,52,1137,1
37797,0,2,11,56,43250,2,4,26,62,1245,0
35068,0,4,17,50,27604,1,0,12,45,956,1
23260,0,0,7,43,33206,2,3,23,48,912,0
27657,0,0,9,48,33528,2,2,22,51,953,0
54742,2,5,36,67,43976,1,2,26,59,1412,1
23061,0,0,4,44,32324,1,3,14,48,917,0
29412,1,1,15,47,27914,0,1,9,48,949,1
57838,1,8,20,73,53039,2,4,18,70,1722,1
59854,0,5,34,74,52641,3,4,35,66,1659,1
45531,0,2,25,63,50044,3,4,26,67,1482,0
69790,0,6,45,81,69122,4,8,52,80,1960,0
43331,2,5,27,59,33742,0,0,14,52,1184,1
69484,4,11,51,80,53086,0,1,25,71,1797,1
40466,1,3,23,57,35260,1,0,12,53,1203,1
33949,1,4,19,50,23171,0,0,4,43,910,1
59899,0,4,25,76,66685,4,9,29,80,1999,0
32860,0,0,6,54,47305,3,10,25,63,1266,0
70393,4,10,33,83,57411,0,4,30,74,1807,1
59284,2,6,35,77,48571,1,4,14,68,1651,1
38167,0,1,17,57,54161,3,7,33,66,1406,0
40537,0,3,13,58,50647,1,9,34,65,1337,0
66773,3,11,42,77,54425,1,3,17,73,1806,1
31494,2,1,18,50,24844,0,0,6,45,941,1
63741,1,5,30,74,64228,4,8,36,78,1890,0
52996,1,7,19,71,43194,2,2,11,63,1508,1
54934,4,5,30,70,56595,0,5,28,70,1675,1
59304,1,4,33,74,68780,3,11,35,79,1806,0
33206,1,1,21,50,26133,0,0,11,46,928,1
70098,3,10,38,78,62706,1,4,32,78,1844,1
40629,1,6,21,58,28867,1,1,4,52,1135,1
31439,0,1,8,52,37390,1,1,28,58,1101,0
48819,1,10,32,59,31686,0,0,9,50,1174,1
45044,2,11,16,60,28539,0,0,4,51,1213,1
35469,1,5,23,52,21511,0,0,3,42,926,1
38832,0,0,7,61,49383,3,4,20,70,1429,0
41551,3,5,23,58,30917,0,1,8,52,1144,1
48446,0,3,18,65,59946,3,8,28,76,1672,0
55897,2,8,30,70,46065,1,2,27,65,1496,1
50890,0,3,34,65,63760,2,7,44,72,1525,0
43198,1,4,30,54,35592,1,1,17,50,1075,1
30989,0,2,18,48,22799,1,0,4,44,912,1
24238,0,0,5,45,33833,1,3,18,49,914,0
25410,0,0,8,46,41336,2,10,18,56,998,0
66078,1,1,29,84,79839,4,11,47,87,2140,0
49180,0,3,14,69,52137,3,3,16,70,1699,0
60581,1,9,35,74,50920,2,4,25,67,1678,1
74270,1,6,36,85,83694,5,10,40,87,2394,0
41661,1,3,11,61,52756,2,9,28,71,1442,0
50476,2,10,24,63,33766,0,1,5,56,1269,1
69291,5,11,21,84,65360,0,6,27,79,1956,1
42621,1,6,28,58,32616,2,1,11,53,1107,1
34094,1,4,20,51,27304,0,0,9,48,990,1
78730,3,9,27,86,76429,3,4,19,84,2580,1
66076,2,7,43,80,61921,2,7,29,73,1920,1
55029,2,7,31,69,46875,1,2,19,63,1505,1
42211,0,0,16,65,54478,3,7,30,71,1450,0
42248,0,2,18,59,52542,4,6,40,67,1404,0
52969,2,6,37,68,46981,0,2,20,63,1527,1
2500,0,0,0,5,3035,0,0,1,5,105,1
71571,1,8,37,83,69264,4,6,27,82,2182,1
57236,2,10,43,68,40285,0,1,19,59,1434,1
39362,2,1,14,59,48256,1,4,28,65,1400,0
50560,2,7,30,64,39161,0,2,18,56,1256,1
41151,0,0,18,64,55344,3,10,30,72,1448,0
50395,0,5,12,69,62618,3,10,31,77,1774,0
38083,0,1,9,60,50416,3,8,23,66,1367,0
60136,1,11,46,71,46913,1,0,32,64,1448,1
43955,1,3,13,63,50220,3,7,20,65,1495,0
32907,0,1,14,51,37635,2,5,19,53,1102,0
72572,3,7,38,80,61754,1,3,35,76,2012,1
32565,1,1,22,49,25278,0,0,3,46,927,1
81879,4,9,56,86,76438,2,7,38,85,2185,1
50741,0,0,51,76,57577,0,4,63,84,884,0
60718,1,10,34,71,45655,1,3,24,62,1488,1
50165,2,10,16,67,36223,1,1,8,59,1394,1
68906,3,8,26,84,65903,2,6,20,78,2102,1
71053,4,9,43,84,57696,1,6,25,70,1916,1
36964,2,0,14,55,48284,1,8,28,60,1302,0
51566,0,7,27,68,46366,3,4,20,62,1465,1
48052,1,3,23,65,53426,3,9,27,69,1455,0
55993,2,9,27,68,41251,1,3,13,59,1450,1
72638,0,4,60,90,68311,0,0,52,89,1238,1
63679,1,8,31,77,55792,2,4,19,72,1827,1
45409,1,2,17,62,59758,2,9,38,72,1535,0
85304,2,7,39,87,80864,4,4,36,88,2645,1
32338,0,1,11,52,43608,2,6,24,59,1127,0
57872,2,10,32,74,45059,1,1,12,66,1561,1
36075,1,2,12,54,41511,2,3,16,59,1266,0
33877,1,3,22,51,27578,0,1,9,45,963,1
75225,3,4,27,85,85158,3,9,30,86,2588,0
70393,4,10,33,83,57411,0,4,30,74,1807,1
59284,2,6,35,77,48571,1,4,14,68,1651,1
39630,0,3,15,56,47568,2,4,26,64,1278,0
59264,0,5,19,75,69520,5,9,35,79,1931,0
57230,1,6,26,72,53802,3,3,26,71,1706,1
46761,1,8,35,58,33793,1,1,15,51,1199,1
55751,3,11,27,72,44033,0,4,11,65,1532,1
80513,2,10,43,84,75062,2,4,33,83,2316,1
55753,1,4,24,73,62400,3,8,32,77,1763,0
59137,0,1,48,82,66910,0,4,61,88,1048,0
37537,0,1,38,57,31855,0,0,23,52,538,1
69561,1,10,29,80,65555,3,6,23,76,1954,1
66076,2,7,43,80,61921,2,7,29,73,1920,1
55029,2,7,31,69,46875,1,2,19,63,1505,1
42211,0,0,16,65,54478,3,7,30,71,1450,0
42248,0,2,18,59,52542,4,6,40,67,1404,0
52969,2,6,37,68,46981,0,2,20,63,1527,1
2500,0,0,0,5,3035,0,0,1,5,105,1
71571,1,8,37,83,69264,4,6,27,82,2182,1
57236,2,10,43,68,40285,0,1,19,59,1434,1
39362,2,1,14,59,48256,1,4,28,65,1400,0
50560,2,7,30,64,39161,0,2,18,56,1256,1
41151,0,0,18,64,55344,3,10,30,72,1448,0
50395,0,5,12,69,62618,3,10,31,77,1774,0
38083,0,1,9,60,50416,3,8,23,66,1367,0
60136,1,11,46,71,46913,1,0,32,64,1448,1
43955,1,3,13,63,50220,3,7,20,65,1495,0
32907,0,1,14,51,37635,2,5,19,53,1102,0
72572,3,7,38,80,61754,1,3,35,76,2012,1
32565,1,1,22,49,25278,0,0,3,46,927,1
81879,4,9,56,86,76438,2,7,38,85,2185,1
50741,0,0,51,76,57577,0,4,63,84,884,0
60718,1,10,34,71,45655,1,3,24,62,1488,1
50165,2,10,16,67,36223,1,1,8,59,1394,1
68906,3,8,26,84,65903,2,6,20,78,2102,1
71053,4,9,43,84,57696,1,6,25,70,1916,1
36964,2,0,14,55,48284,1,8,28,60,1302,0
51566,0,7,27,68,46366,3,4,20,62,1465,1
48052,1,3,23,65,53426,3,9,27,69,1455,0
55993,2,9,27,68,41251,1,3,13,59,1450,1
72638,0,4,60,90,68311,0,0,52,89,1238,1
63679,1,8,31,77,55792,2,4,19,72,1827,1
45409,1,2,17,62,59758,2,9,38,72,1535,0
85304,2,7,39,87,80864,4,4,36,88,2645,1
32338,0,1,11,52,43608,2,6,24,59,1127,0
57872,2,10,32,74,45059,1,1,12,66,1561,1
36075,1,2,12,54,41511,2,3,16,59,1266,0
33877,1,3,22,51,27578,0,1,9,45,963,1
75225,3,4,27,85,85158,3,9,30,86,2588,0
70393,4,10,33,83,57411,0,4,30,74,1807,1
59284,2,6,35,77,48571,1,4,14,68,1651,1
39630,0,3,15,56,47568,2,4,26,64,1278,0
59264,0,5,19,75,69520,5,9,35,79,1931,0
57230,1,6,26,72,53802,3,3,26,71,1706,1
46761,1,8,35,58,33793,1,1,15,51,1199,1
55751,3,11,27,72,44033,0,4,11,65,1532,1
80513,2,10,43,84,75062,2,4,33,83,2316,1
55753,1,4,24,73,62400,3,8,32,77,1763,0
59137,0,1,48,82,66910,0,4,61,88,1048,0
37537,0,1,38,57,31855,0,0,23,52,538,1
69561,1,10,29,80,65555,3,6,23,76,1954,1
56481,1,1,23,71,67855,3,11,41,79,1841,0
38314,1,2,7,59,49210,2,6,25,64,1323,0
31645,0,3,15,48,23310,1,0,3,45,917,1
66209,2,11,22,79,58231,3,3,18,75,1995,1
34243,2,4,15,51,26905,0,0,9,47,951,1
57864,2,6,35,70,63103,1,10,35,75,1690,0
30698,1,2,14,49,23963,0,0,5,47,954,1
37397,0,6,26,50,22201,0,0,4,44,922,1
58382,1,4,33,72,67134,2,9,32,77,1742,0
47893,0,3,19,63,60494,3,10,33,74,1555,0
49740,3,3,22,68,53223,0,10,13,71,1601,0
24496,0,0,8,46,33481,1,4,19,50,911,0
47394,2,5,26,62,37340,0,0,12,57,1346,1
50337,0,2,35,68,61872,3,8,50,74,1550,0
26161,0,0,9,44,34498,2,2,27,52,935,0
36368,1,5,28,48,25703,0,1,8,44,915,1
55073,1,2,22,73,63283,3,8,33,78,1806,0
48903,1,3,19,65,63602,2,10,39,75,1620,0
55892,2,11,26,71,40978,1,1,10,62,1520,1
74668,3,11,30,85,63438,2,4,18,82,2179,1
56648,1,10,31,70,41443,3,1,14,64,1539,1
66780,1,10,28,79,61615,2,2,36,76,1859,1
49687,1,7,27,66,42164,1,3,17,60,1436,1
67711,4,6,39,82,59224,1,5,20,74,1853,1
42824,3,6,22,56,31535,0,0,10,51,1117,1
72106,3,5,30,84,75826,2,11,36,86,2204,0
31694,1,0,20,51,29435,0,2,11,47,953,1
31579,1,4,11,51,21821,0,0,1,43,918,1
49740,3,3,22,68,53223,0,10,13,71,1601,0
36607,2,1,18,54,45467,0,4,26,62,1283,0
23188,0,0,6,43,32716,1,2,24,49,910,0
31684,2,2,17,50,26131,0,0,8,47,915,1
65088,4,9,32,77,62172,0,3,38,78,1938,1
62911,2,7,30,77,61297,2,7,22,74,1804,1
37692,1,2,20,56,32387,1,1,8,52,1061,1
40466,1,3,23,57,35260,1,0,12,53,1203,1
60657,2,6,40,76,54620,1,4,17,70,1709,1
71910,3,11,32,83,59629,1,2,26,77,1930,1
27982,2,1,7,48,36407,0,3,17,54,996,0
33434,1,1,19,49,27267,0,0,12,45,939,1
34092,1,3,20,49,27292,0,0,11,45,927,1
68876,5,10,39,83,53659,0,2,17,71,1918,1
39590,1,1,15,59,51710,2,9,30,67,1358,0
30808,1,2,14,48,25218,0,0,7,44,914,1
62833,0,4,53,85,59335,0,1,46,84,1062,1
47052,1,10,22,61,31816,1,0,9,54,1218,1
53012,3,5,22,70,43430,1,2,8,63,1599,1
33562,1,4,15,50,25127,0,1,6,45,916,1
58339,1,5,28,71,65990,3,6,45,79,1746,0
23242,0,0,5,45,33117,2,3,19,51,932,0
33075,0,0,15,53,41898,2,4,26,59,1106,0
71692,3,6,26,83,79414,3,10,29,87,2287,0
62289,4,6,32,77,56911,0,6,20,71,1773,1
31931,0,1,9,52,42053,3,6,17,57,1162,0
33680,1,2,22,51,24558,0,0,7,43,928,1
39036,0,1,12,60,53029,2,8,31,69,1413,0
66204,3,11,35,80,51914,1,3,26,71,1679,1
71464,2,3,36,83,76635,2,8,46,87,2092,0
63840,2,7,19,76,66634,4,7,32,82,2105,0
31983,0,0,8,50,42356,1,5,22,59,1256,0
48899,0,3,12,68,55354,4,5,25,74,1631,0
64340,4,4,36,77,69470,0,10,31,78,2032,0
67664,3,5,33,80,57473,0,3,30,72,1817,1
55658,0,3,25,72,68028,4,9,43,82,1873,0
47564,3,11,26,62,33152,0,0,12,54,1242,1
46048,2,2,16,63,55893,1,7,24,71,1618,0
52997,0,3,20,69,59385,4,7,27,76,1798,0
52245,2,3,18,67,58606,2,9,26,76,1734,0
52383,0,3,23,71,61648,3,7,39,76,1709,0
75444,3,6,36,83,79945,2,9,40,85,2257,0
35592,0,2,19,54,29397,1,1,11,50,1034,1
27474,0,0,10,47,32805,2,2,15,50,963,0
53326,0,4,11,71,59356,3,8,33,75,1681,0
40337,1,5,22,56,35419,1,3,10,55,1240,1
43217,0,3,13,61,46651,4,3,24,66,1414,0
37003,1,4,13,57,30489,1,1,8,51,1106,1
64472,1,8,30,78,54872,2,4,26,68,1808,1
24107,0,0,7,44,32825,0,2,22,50,919,0
58264,1,1,26,78,74992,3,11,47,86,1945,0
54622,1,6,30,71,43626,2,2,16,63,1498,1
24959,2,0,6,44,30252,0,1,15,49,933,0
49885,0,1,35,70,57106,0,4,55,77,864,0
67781,3,3,25,82,71995,2,10,32,84,2209,0
33434,0,3,24,51,23976,1,0,8,45,933,1
63538,3,5,31,79,67915,1,8,27,81,1963,0
30012,0,0,8,50,39170,2,3,18,55,1112,0
40247,0,0,21,58,52852,2,10,30,65,1387,0
60374,0,1,48,81,64696,0,4,47,84,1052,0
79651,2,10,44,83,80811,3,4,41,87,2447,1
32822,1,3,20,49,24486,0,0,8,42,917,1
57387,0,5,41,72,49567,2,4,18,65,1659,1
65174,1,9,24,77,54535,2,3,16,72,1817,1
39745,0,2,9,57,52234,3,9,27,68,1414,0
55766,0,4,52,77,52680,0,1,43,75,896,1
30625,2,1,13,50,23375,0,0,1,47,958,1
57538,1,8,30,70,52811,2,3,35,67,1610,1
29938,1,1,13,49,25245,1,0,9,45,934,1
58911,1,9,37,71,43252,2,1,19,62,1463,1
31913,1,3,13,49,25811,0,0,8,46,953,1
56597,2,11,29,69,44875,2,1,16,62,1469,1
12078,0,0,6,25,10508,0,0,4,23,387,1
52118,0,4,20,67,56453,4,7,28,74,1663,0
51815,2,6,28,68,38146,1,1,11,58,1457,1
70717,1,5,30,85,76265,3,9,42,85,2129,0
42966,0,1,22,59,51471,3,5,37,66,1354,0
69575,3,5,26,81,73250,2,10,33,84,2236,0
45847,0,0,19,64,56060,3,7,33,71,1599,0
56648,1,10,31,70,41443,3,1,14,64,1539,1
36142,2,1,10,59,47242,0,10,25,62,1220,0
45924,1,3,10,64,57944,2,9,30,76,1577,0
49666,1,3,10,68,59959,3,10,29,75,1716,0
55841,0,6,29,70,60467,3,8,38,73,1666,1
34368,1,3,17,53,27516,1,0,9,48,970,1
44463,0,2,17,65,57548,4,11,36,70,1479,0
40193,1,2,11,58,52062,2,8,29,68,1438,0
30703,1,1,12,50,23936,1,0,7,47,920,1
52052,1,0,19,72,62385,2,7,29,79,1778,0
40466,1,3,23,57,35260,1,0,12,53,1203,1
79403,2,7,34,85,81473,3,8,44,88,2318,0
53549,2,10,30,71,39325,0,1,13,60,1440,1
32927,1,1,10,52,38943,2,4,17,56,1157,0
31307,0,2,16,51,23104,2,0,3,45,932,1
53849,4,2,36,68,49257,0,4,16,63,1635,1
56857,1,3,33,75,70920,3,8,41,83,1901,0
70717,1,5,30,85,76265,3,9,42,85,2129,0
51936,3,5,23,66,54128,0,4,27,71,1678,0
55575,2,9,30,71,45439,1,3,17,64,1541,1
31611,2,2,17,50,25653,0,1,6,47,962,1
60028,0,8,38,73,53454,3,3,40,67,1553,1
49829,1,2,28,67,46891,2,3,24,64,1539,1
61720,2,9,34,74,51337,2,2,25,69,1800,1
59615,4,9,42,71,47650,0,3,20,63,1524,1
36158,0,0,13,56,49502,2,4,30,63,1334,0
44457,2,5,19,62,38285,1,2,10,57,1267,1
55504,2,5,24,72,63695,2,9,30,77,1716,0
24848,0,0,7,48,33901,1,3,15,51,960,0
25135,0,0,7,45,36375,1,4,23,52,967,0
61110,3,8,35,73,53799,0,2,26,66,1655,1
59202,2,10,28,75,48692,2,2,18,66,1696,1
52032,3,4,18,70,61559,2,10,24,76,1874,0
43660,1,3,18,60,52787,2,4,34,67,1426,0
57049,1,8,23,72,47020,3,3,19,65,1648,1
42558,1,11,16,58,28250,1,0,6,49,1158,1
64150,3,7,21,80,63481,1,5,18,79,2149,1
55660,1,4,19,71,61940,3,8,30,78,1738,0
55575,2,9,30,71,45439,1,3,17,64,1541,1
66920,2,5,37,78,78623,3,9,46,85,2112,0
70297,2,6,34,82,73026,4,8,48,83,2184,0
44825,2,5,27,60,30638,0,0,10,52,1156,1
68665,3,7,41,79,69607,1,10,37,79,1983,0
55840,2,8,31,67,42572,1,2,18,58,1435,1
75520,3,9,38,84,70121,3,6,31,75,2103,1
34223,1,4,25,49,22541,0,0,4,44,911,1
44005,1,4,19,63,36515,2,1,6,58,1391,1
63466,3,11,34,75,48086,1,1,17,67,1728,1
46293,1,1,21,64,60093,2,9,36,72,1525,0
58767,3,7,29,73,48551,1,3,20,65,1613,1
36249,1,4,20,50,23671,1,0,8,42,973,1
32820,2,2,20,48,29042,0,0,15,47,967,1
40674,1,2,16,60,51523,1,9,25,67,1386,0
48968,2,5,20,67,56056,2,9,26,71,1569,0
62058,1,10,45,68,46300,2,3,26,59,1559,1
33178,1,3,19,47,24670,0,0,8,43,918,1
35528,1,3,23,48,25030,1,0,9,42,911,1
43892,2,3,22,63,37793,0,2,12,58,1278,1
47524,0,2,17,63,60062,4,9,40,71,1673,0
35157,0,4,23,51,24076,1,0,7,44,933,1
56245,2,3,31,68,65208,2,9,38,76,1795,0
54721,0,1,44,75,57361,0,2,49,80,949,0
47893,0,3,19,63,60494,3,10,33,74,1555,0
50704,2,11,24,68,38081,1,2,10,61,1401,1
42717,2,7,21,57,28663,0,0,6,50,1114,1
42621,1,6,28,58,32616,2,1,11,53,1107,1
39742,1,4,16,58,32246,1,1,8,52,1146,1
60982,1,7,34,72,53767,3,4,22,68,1758,1
50077,1,4,28,66,47456,1,1,21,63,1415,1
60106,3,8,32,76,49298,1,5,10,65,1722,1
58972,3,10,34,72,43379,0,3,12,63,1518,1
55634,0,1,48,79,57167,0,4,50,80,933,0
68309,2,6,30,79,78765,3,7,44,86,2103,0
8988,0,0,5,20,5817,0,0,0,14,286,1
52179,4,8,24,71,43903,0,2,8,67,1534,1
60421,0,4,61,83,55408,0,1,44,77,936,1
48736,0,2,10,70,57800,3,11,17,76,1707,0
22986,1,0,4,46,27799,1,1,6,49,915,0
61467,1,3,30,76,73971,3,7,40,86,1962,0
42643,1,4,25,59,30795,1,1,10,52,1157,1
63112,2,8,26,76,62578,2,7,36,78,1915,0
56576,2,2,30,71,64534,2,9,45,75,1647,0
44616,1,4,29,63,35591,2,1,13,55,1241,1
49976,2,7,30,66,41390,1,2,16,59,1408,1
65933,4,10,29,78,56646,1,1,22,75,1873,1
79167,4,10,44,88,74265,1,7,32,83,2260,1
40255,0,2,15,60,54268,2,11,33,71,1410,0
23892,1,0,7,44,33243,1,1,27,49,919,0
53524,3,11,35,66,46779,0,2,16,66,1444,1
43092,2,1,24,60,52991,1,8,32,66,1448,0
